{"PR":{"desvio_padrao":98.6071859131,"mediana":650.0,"media":648.9612940497,"moda":850.0},"RS":{"desvio_padrao":95.1365984138,"mediana":650.0,"media":651.1051428571,"moda":850.0},"SC":{"desvio_padrao":97.2334927934,"mediana":653.0,"media":649.5376527423,"moda":850.0}}